City;Country;FlagUrl
Abu Dhabi;United Arab Emirates;http://upload.wikimedia.org/wikipedia/commons/thumb/c/cb/Flag_of_the_United_Arab_Emirates.svg/22px-Flag_of_the_United_Arab_Emirates.svg.png
Abuja;Nigeria;http://upload.wikimedia.org/wikipedia/commons/thumb/7/79/Flag_of_Nigeria.svg/22px-Flag_of_Nigeria.svg.png
Accra;Ghana;http://upload.wikimedia.org/wikipedia/commons/thumb/1/19/Flag_of_Ghana.svg/22px-Flag_of_Ghana.svg.png
Adamstown;Pitcairn Islands;http://upload.wikimedia.org/wikipedia/commons/thumb/8/88/Flag_of_the_Pitcairn_Islands.svg/22px-Flag_of_the_Pitcairn_Islands.svg.png
Addis Ababa;Ethiopia;http://upload.wikimedia.org/wikipedia/commons/thumb/7/71/Flag_of_Ethiopia.svg/22px-Flag_of_Ethiopia.svg.png
Algiers;Algeria;http://upload.wikimedia.org/wikipedia/commons/thumb/7/77/Flag_of_Algeria.svg/22px-Flag_of_Algeria.svg.png
Alofi;Niue;http://upload.wikimedia.org/wikipedia/commons/thumb/0/01/Flag_of_Niue.svg/22px-Flag_of_Niue.svg.png
Amman;Jordan;http://upload.wikimedia.org/wikipedia/commons/thumb/c/c0/Flag_of_Jordan.svg/22px-Flag_of_Jordan.svg.png
Amsterdam;Netherlands;http://upload.wikimedia.org/wikipedia/commons/thumb/2/20/Flag_of_the_Netherlands.svg/22px-Flag_of_the_Netherlands.svg.png
Andorra la Vella;Andorra;http://upload.wikimedia.org/wikipedia/commons/thumb/1/19/Flag_of_Andorra.svg/22px-Flag_of_Andorra.svg.png
Ankara;Turkey;http://upload.wikimedia.org/wikipedia/commons/thumb/b/b4/Flag_of_Turkey.svg/22px-Flag_of_Turkey.svg.png
Antananarivo;Madagascar;http://upload.wikimedia.org/wikipedia/commons/thumb/b/bc/Flag_of_Madagascar.svg/22px-Flag_of_Madagascar.svg.png
Apia;Samoa;http://upload.wikimedia.org/wikipedia/commons/thumb/3/31/Flag_of_Samoa.svg/22px-Flag_of_Samoa.svg.png
Ashgabat;Turkmenistan;http://upload.wikimedia.org/wikipedia/commons/thumb/1/1b/Flag_of_Turkmenistan.svg/22px-Flag_of_Turkmenistan.svg.png
Asmara;Eritrea;http://upload.wikimedia.org/wikipedia/commons/thumb/2/29/Flag_of_Eritrea.svg/22px-Flag_of_Eritrea.svg.png
Astana;Kazakhstan;http://upload.wikimedia.org/wikipedia/commons/thumb/d/d3/Flag_of_Kazakhstan.svg/22px-Flag_of_Kazakhstan.svg.png
Asunción;Paraguay;http://upload.wikimedia.org/wikipedia/commons/thumb/2/27/Flag_of_Paraguay.svg/22px-Flag_of_Paraguay.svg.png
Athens;Greece;http://upload.wikimedia.org/wikipedia/commons/thumb/5/5c/Flag_of_Greece.svg/22px-Flag_of_Greece.svg.png
Avarua;Cook Islands;http://upload.wikimedia.org/wikipedia/commons/thumb/3/35/Flag_of_the_Cook_Islands.svg/22px-Flag_of_the_Cook_Islands.svg.png
Baghdad;Iraq;http://upload.wikimedia.org/wikipedia/commons/thumb/f/f6/Flag_of_Iraq.svg/22px-Flag_of_Iraq.svg.png
Baku;Azerbaijan;http://upload.wikimedia.org/wikipedia/commons/thumb/d/dd/Flag_of_Azerbaijan.svg/22px-Flag_of_Azerbaijan.svg.png
Bamako;Mali;http://upload.wikimedia.org/wikipedia/commons/thumb/9/92/Flag_of_Mali.svg/22px-Flag_of_Mali.svg.png
Bandar Seri Begawan;Brunei;http://upload.wikimedia.org/wikipedia/commons/thumb/9/9c/Flag_of_Brunei.svg/22px-Flag_of_Brunei.svg.png
Bangkok;Thailand;http://upload.wikimedia.org/wikipedia/commons/thumb/a/a9/Flag_of_Thailand.svg/22px-Flag_of_Thailand.svg.png
Bangui;Central African Republic;http://upload.wikimedia.org/wikipedia/commons/thumb/6/6f/Flag_of_the_Central_African_Republic.svg/22px-Flag_of_the_Central_African_Republic.svg.png
Banjul;Gambia;http://upload.wikimedia.org/wikipedia/commons/thumb/7/77/Flag_of_The_Gambia.svg/22px-Flag_of_The_Gambia.svg.png
Basseterre;Saint Kitts and Nevis;http://upload.wikimedia.org/wikipedia/commons/thumb/f/fe/Flag_of_Saint_Kitts_and_Nevis.svg/22px-Flag_of_Saint_Kitts_and_Nevis.svg.png
Beijing;People's Republic of China;http://upload.wikimedia.org/wikipedia/commons/thumb/f/fa/Flag_of_the_People%27s_Republic_of_China.svg/22px-Flag_of_the_People%27s_Republic_of_China.svg.png
Beirut;Lebanon;http://upload.wikimedia.org/wikipedia/commons/thumb/5/59/Flag_of_Lebanon.svg/22px-Flag_of_Lebanon.svg.png
Belfast;Northern Ireland;http://upload.wikimedia.org/wikipedia/commons/thumb/a/ae/Flag_of_the_United_Kingdom.svg/22px-Flag_of_the_United_Kingdom.svg.png
Belgrade;Serbia;http://upload.wikimedia.org/wikipedia/commons/thumb/f/ff/Flag_of_Serbia.svg/22px-Flag_of_Serbia.svg.png
Belmopan;Belize;http://upload.wikimedia.org/wikipedia/commons/thumb/e/e7/Flag_of_Belize.svg/22px-Flag_of_Belize.svg.png
Berlin;Germany;http://upload.wikimedia.org/wikipedia/commons/thumb/b/ba/Flag_of_Germany.svg/22px-Flag_of_Germany.svg.png
Bern;Switzerland;http://upload.wikimedia.org/wikipedia/commons/thumb/f/f3/Flag_of_Switzerland.svg/17px-Flag_of_Switzerland.svg.png
Bishkek;Kyrgyzstan;http://upload.wikimedia.org/wikipedia/commons/thumb/c/c7/Flag_of_Kyrgyzstan.svg/22px-Flag_of_Kyrgyzstan.svg.png
Bissau;Guinea-Bissau;http://upload.wikimedia.org/wikipedia/commons/thumb/0/01/Flag_of_Guinea-Bissau.svg/22px-Flag_of_Guinea-Bissau.svg.png
Bogotá;Colombia;http://upload.wikimedia.org/wikipedia/commons/thumb/2/21/Flag_of_Colombia.svg/22px-Flag_of_Colombia.svg.png
Brasília;Brazil;http://upload.wikimedia.org/wikipedia/commons/thumb/0/05/Flag_of_Brazil.svg/22px-Flag_of_Brazil.svg.png
Bratislava;Slovakia;http://upload.wikimedia.org/wikipedia/commons/thumb/e/e6/Flag_of_Slovakia.svg/22px-Flag_of_Slovakia.svg.png
Brazzaville;Republic of the Congo;http://upload.wikimedia.org/wikipedia/commons/thumb/9/92/Flag_of_the_Republic_of_the_Congo.svg/22px-Flag_of_the_Republic_of_the_Congo.svg.png
Bridgetown;Barbados;http://upload.wikimedia.org/wikipedia/commons/thumb/e/ef/Flag_of_Barbados.svg/22px-Flag_of_Barbados.svg.png
Brussels;Belgium;http://upload.wikimedia.org/wikipedia/commons/thumb/9/92/Flag_of_Belgium_%28civil%29.svg/22px-Flag_of_Belgium_%28civil%29.svg.png
Bucharest;Romania;http://upload.wikimedia.org/wikipedia/commons/thumb/7/73/Flag_of_Romania.svg/22px-Flag_of_Romania.svg.png
Budapest;Hungary;http://upload.wikimedia.org/wikipedia/commons/thumb/c/c1/Flag_of_Hungary.svg/22px-Flag_of_Hungary.svg.png
Buenos Aires;Argentina;http://upload.wikimedia.org/wikipedia/commons/thumb/1/1a/Flag_of_Argentina.svg/22px-Flag_of_Argentina.svg.png
Bujumbura;Burundi;http://upload.wikimedia.org/wikipedia/commons/thumb/5/50/Flag_of_Burundi.svg/22px-Flag_of_Burundi.svg.png
Cairo;Egypt;http://upload.wikimedia.org/wikipedia/commons/thumb/f/fe/Flag_of_Egypt.svg/22px-Flag_of_Egypt.svg.png
Canberra;Australia;http://upload.wikimedia.org/wikipedia/commons/thumb/b/b9/Flag_of_Australia.svg/22px-Flag_of_Australia.svg.png
Caracas;Venezuela;http://upload.wikimedia.org/wikipedia/commons/thumb/0/06/Flag_of_Venezuela.svg/22px-Flag_of_Venezuela.svg.png
Cardiff;Wales;http://upload.wikimedia.org/wikipedia/commons/thumb/5/59/Flag_of_Wales_2.svg/22px-Flag_of_Wales_2.svg.png
Castries;Saint Lucia;http://upload.wikimedia.org/wikipedia/commons/thumb/9/9f/Flag_of_Saint_Lucia.svg/22px-Flag_of_Saint_Lucia.svg.png
Cayenne;French Guiana;http://upload.wikimedia.org/wikipedia/commons/thumb/c/c3/Flag_of_France.svg/22px-Flag_of_France.svg.png
Charlotte Amalie;United States Virgin Islands;http://upload.wikimedia.org/wikipedia/commons/thumb/f/f8/Flag_of_the_United_States_Virgin_Islands.svg/22px-Flag_of_the_United_States_Virgin_Islands.svg.png
Chisinau;Moldova;http://upload.wikimedia.org/wikipedia/commons/thumb/2/27/Flag_of_Moldova.svg/22px-Flag_of_Moldova.svg.png
Cockburn Town;Turks and Caicos Islands;http://upload.wikimedia.org/wikipedia/commons/thumb/a/a0/Flag_of_the_Turks_and_Caicos_Islands.svg/22px-Flag_of_the_Turks_and_Caicos_Islands.svg.png
Conakry;Guinea;http://upload.wikimedia.org/wikipedia/commons/thumb/e/ed/Flag_of_Guinea.svg/22px-Flag_of_Guinea.svg.png
Copenhagen;Denmark;http://upload.wikimedia.org/wikipedia/commons/thumb/9/9c/Flag_of_Denmark.svg/22px-Flag_of_Denmark.svg.png
Dakar;Senegal;http://upload.wikimedia.org/wikipedia/commons/thumb/f/fd/Flag_of_Senegal.svg/22px-Flag_of_Senegal.svg.png
Damascus;Syria;http://upload.wikimedia.org/wikipedia/commons/thumb/5/53/Flag_of_Syria.svg/22px-Flag_of_Syria.svg.png
Dhaka;Bangladesh;http://upload.wikimedia.org/wikipedia/commons/thumb/f/f9/Flag_of_Bangladesh.svg/22px-Flag_of_Bangladesh.svg.png
Dili;East Timor (Timor-Leste);http://upload.wikimedia.org/wikipedia/commons/thumb/2/26/Flag_of_East_Timor.svg/22px-Flag_of_East_Timor.svg.png
Djibouti;Djibouti;http://upload.wikimedia.org/wikipedia/commons/thumb/3/34/Flag_of_Djibouti.svg/22px-Flag_of_Djibouti.svg.png
Dodoma;Tanzania;http://upload.wikimedia.org/wikipedia/commons/thumb/3/38/Flag_of_Tanzania.svg/22px-Flag_of_Tanzania.svg.png
Doha;Qatar;http://upload.wikimedia.org/wikipedia/commons/thumb/6/65/Flag_of_Qatar.svg/22px-Flag_of_Qatar.svg.png
Douglas;Isle of Man;http://upload.wikimedia.org/wikipedia/commons/thumb/b/bc/Flag_of_the_Isle_of_Man.svg/22px-Flag_of_the_Isle_of_Man.svg.png
Dublin;Ireland;http://upload.wikimedia.org/wikipedia/commons/thumb/4/45/Flag_of_Ireland.svg/22px-Flag_of_Ireland.svg.png
Dushanbe;Tajikistan;http://upload.wikimedia.org/wikipedia/commons/thumb/d/d0/Flag_of_Tajikistan.svg/22px-Flag_of_Tajikistan.svg.png
Edinburgh;Scotland;http://upload.wikimedia.org/wikipedia/commons/thumb/1/10/Flag_of_Scotland.svg/22px-Flag_of_Scotland.svg.png
Episkopi Cantonment;Akrotiri and Dhekelia;http://upload.wikimedia.org/wikipedia/commons/thumb/a/ae/Flag_of_the_United_Kingdom.svg/22px-Flag_of_the_United_Kingdom.svg.png
Flying Fish Cove;Christmas Island;http://upload.wikimedia.org/wikipedia/commons/thumb/6/67/Flag_of_Christmas_Island.svg/22px-Flag_of_Christmas_Island.svg.png
Freetown;Sierra Leone;http://upload.wikimedia.org/wikipedia/commons/thumb/1/17/Flag_of_Sierra_Leone.svg/22px-Flag_of_Sierra_Leone.svg.png
Funafuti;Tuvalu;http://upload.wikimedia.org/wikipedia/commons/thumb/3/38/Flag_of_Tuvalu.svg/22px-Flag_of_Tuvalu.svg.png
Gaborone;Botswana;http://upload.wikimedia.org/wikipedia/commons/thumb/f/fa/Flag_of_Botswana.svg/22px-Flag_of_Botswana.svg.png
George Town;Cayman Islands;http://upload.wikimedia.org/wikipedia/commons/thumb/0/0f/Flag_of_the_Cayman_Islands.svg/22px-Flag_of_the_Cayman_Islands.svg.png
Georgetown;Guyana;http://upload.wikimedia.org/wikipedia/commons/thumb/9/99/Flag_of_Guyana.svg/22px-Flag_of_Guyana.svg.png
Gibraltar;Gibraltar;http://upload.wikimedia.org/wikipedia/commons/thumb/0/02/Flag_of_Gibraltar.svg/22px-Flag_of_Gibraltar.svg.png
Grytviken;South Georgia and the South Sandwich Islands;http://upload.wikimedia.org/wikipedia/commons/thumb/e/ed/Flag_of_South_Georgia_and_the_South_Sandwich_Islands.svg/22px-Flag_of_South_Georgia_and_the_South_Sandwich_Islands.svg.png
Guatemala City;Guatemala;http://upload.wikimedia.org/wikipedia/commons/thumb/e/ec/Flag_of_Guatemala.svg/22px-Flag_of_Guatemala.svg.png
Gustavia;Saint Barthélemy;http://upload.wikimedia.org/wikipedia/commons/thumb/c/c3/Flag_of_France.svg/22px-Flag_of_France.svg.png
Hagåtña;Guam;http://upload.wikimedia.org/wikipedia/commons/thumb/0/07/Flag_of_Guam.svg/22px-Flag_of_Guam.svg.png
Hamilton;Bermuda;http://upload.wikimedia.org/wikipedia/commons/thumb/b/bf/Flag_of_Bermuda.svg/22px-Flag_of_Bermuda.svg.png
Hanga Roa;Easter Island;http://upload.wikimedia.org/wikipedia/commons/thumb/d/d8/Flag_of_Rapa_Nui%2C_Chile.svg/22px-Flag_of_Rapa_Nui%2C_Chile.svg.png
Hanoi;Vietnam;http://upload.wikimedia.org/wikipedia/commons/thumb/2/21/Flag_of_Vietnam.svg/22px-Flag_of_Vietnam.svg.png
Harare;Zimbabwe;http://upload.wikimedia.org/wikipedia/commons/thumb/6/6a/Flag_of_Zimbabwe.svg/22px-Flag_of_Zimbabwe.svg.png
Hargeisa;Somaliland;http://upload.wikimedia.org/wikipedia/commons/thumb/4/4d/Flag_of_Somaliland.svg/22px-Flag_of_Somaliland.svg.png
Havana;Cuba;http://upload.wikimedia.org/wikipedia/commons/thumb/b/bd/Flag_of_Cuba.svg/22px-Flag_of_Cuba.svg.png
Helsinki;Finland;http://upload.wikimedia.org/wikipedia/commons/thumb/b/bc/Flag_of_Finland.svg/22px-Flag_of_Finland.svg.png
Honiara;Solomon Islands;http://upload.wikimedia.org/wikipedia/commons/thumb/7/74/Flag_of_the_Solomon_Islands.svg/22px-Flag_of_the_Solomon_Islands.svg.png
Islamabad;Pakistan;http://upload.wikimedia.org/wikipedia/commons/thumb/3/32/Flag_of_Pakistan.svg/22px-Flag_of_Pakistan.svg.png
Jakarta;Indonesia;http://upload.wikimedia.org/wikipedia/commons/thumb/9/9f/Flag_of_Indonesia.svg/22px-Flag_of_Indonesia.svg.png
Jamestown;Saint Helena, Ascension and Tristan da Cunha;http://upload.wikimedia.org/wikipedia/commons/thumb/0/00/Flag_of_Saint_Helena.svg/22px-Flag_of_Saint_Helena.svg.png
Jerusalem;Israel;http://upload.wikimedia.org/wikipedia/commons/thumb/d/d4/Flag_of_Israel.svg/22px-Flag_of_Israel.svg.png
Jerusalem;Palestine;http://upload.wikimedia.org/wikipedia/commons/thumb/0/00/Flag_of_Palestine.svg/22px-Flag_of_Palestine.svg.png
Kabul;Afghanistan;http://upload.wikimedia.org/wikipedia/commons/thumb/9/9a/Flag_of_Afghanistan.svg/22px-Flag_of_Afghanistan.svg.png
Kampala;Uganda;http://upload.wikimedia.org/wikipedia/commons/thumb/4/4e/Flag_of_Uganda.svg/22px-Flag_of_Uganda.svg.png
Kathmandu;Nepal;http://upload.wikimedia.org/wikipedia/commons/thumb/9/9b/Flag_of_Nepal.svg/15px-Flag_of_Nepal.svg.png
Khartoum;Sudan;http://upload.wikimedia.org/wikipedia/commons/thumb/0/01/Flag_of_Sudan.svg/22px-Flag_of_Sudan.svg.png
Kiev;Ukraine;http://upload.wikimedia.org/wikipedia/commons/thumb/4/49/Flag_of_Ukraine.svg/22px-Flag_of_Ukraine.svg.png
Kigali;Rwanda;http://upload.wikimedia.org/wikipedia/commons/thumb/1/17/Flag_of_Rwanda.svg/22px-Flag_of_Rwanda.svg.png
Kingston;Jamaica;http://upload.wikimedia.org/wikipedia/commons/thumb/0/0a/Flag_of_Jamaica.svg/22px-Flag_of_Jamaica.svg.png
Kingston;Norfolk Island;http://upload.wikimedia.org/wikipedia/commons/thumb/4/48/Flag_of_Norfolk_Island.svg/22px-Flag_of_Norfolk_Island.svg.png
Kingstown;Saint Vincent and the Grenadines;http://upload.wikimedia.org/wikipedia/commons/thumb/6/6d/Flag_of_Saint_Vincent_and_the_Grenadines.svg/22px-Flag_of_Saint_Vincent_and_the_Grenadines.svg.png
Kinshasa;Democratic Republic of the Congo;http://upload.wikimedia.org/wikipedia/commons/thumb/6/6f/Flag_of_the_Democratic_Republic_of_the_Congo.svg/22px-Flag_of_the_Democratic_Republic_of_the_Congo.svg.png
Kuala Lumpur;Malaysia;http://upload.wikimedia.org/wikipedia/commons/thumb/6/66/Flag_of_Malaysia.svg/22px-Flag_of_Malaysia.svg.png
Kuwait City;Kuwait;http://upload.wikimedia.org/wikipedia/commons/thumb/a/aa/Flag_of_Kuwait.svg/22px-Flag_of_Kuwait.svg.png
La Paz;Bolivia;http://upload.wikimedia.org/wikipedia/commons/thumb/4/48/Flag_of_Bolivia.svg/22px-Flag_of_Bolivia.svg.png
Laâyoune (El Aaiún);Western Sahara;http://upload.wikimedia.org/wikipedia/commons/thumb/c/c8/Flag_of_Western_Sahara.svg/22px-Flag_of_Western_Sahara.svg.png
Libreville;Gabon;http://upload.wikimedia.org/wikipedia/commons/thumb/0/04/Flag_of_Gabon.svg/22px-Flag_of_Gabon.svg.png
Lilongwe;Malawi;http://upload.wikimedia.org/wikipedia/commons/thumb/d/d1/Flag_of_Malawi.svg/22px-Flag_of_Malawi.svg.png
Lima;Peru;http://upload.wikimedia.org/wikipedia/commons/thumb/c/cf/Flag_of_Peru.svg/22px-Flag_of_Peru.svg.png
Lisbon;Portugal;http://upload.wikimedia.org/wikipedia/commons/thumb/5/5c/Flag_of_Portugal.svg/22px-Flag_of_Portugal.svg.png
Ljubljana;Slovenia;http://upload.wikimedia.org/wikipedia/commons/thumb/f/f0/Flag_of_Slovenia.svg/22px-Flag_of_Slovenia.svg.png
Lomé;Togo;http://upload.wikimedia.org/wikipedia/commons/thumb/6/68/Flag_of_Togo.svg/22px-Flag_of_Togo.svg.png
London;United Kingdom;http://upload.wikimedia.org/wikipedia/commons/thumb/a/ae/Flag_of_the_United_Kingdom.svg/22px-Flag_of_the_United_Kingdom.svg.png
Luanda;Angola;http://upload.wikimedia.org/wikipedia/commons/thumb/9/9d/Flag_of_Angola.svg/22px-Flag_of_Angola.svg.png
Lusaka;Zambia;http://upload.wikimedia.org/wikipedia/commons/thumb/0/06/Flag_of_Zambia.svg/22px-Flag_of_Zambia.svg.png
Luxembourg;Luxembourg;http://upload.wikimedia.org/wikipedia/commons/thumb/d/da/Flag_of_Luxembourg.svg/22px-Flag_of_Luxembourg.svg.png
Madrid;Spain;http://upload.wikimedia.org/wikipedia/commons/thumb/9/9a/Flag_of_Spain.svg/22px-Flag_of_Spain.svg.png
Majuro;Marshall Islands;http://upload.wikimedia.org/wikipedia/commons/thumb/2/2e/Flag_of_the_Marshall_Islands.svg/22px-Flag_of_the_Marshall_Islands.svg.png
Malabo;Equatorial Guinea;http://upload.wikimedia.org/wikipedia/commons/thumb/3/31/Flag_of_Equatorial_Guinea.svg/22px-Flag_of_Equatorial_Guinea.svg.png
Malé;Maldives;http://upload.wikimedia.org/wikipedia/commons/thumb/0/0f/Flag_of_Maldives.svg/22px-Flag_of_Maldives.svg.png
Mamoudzou;Mayotte;http://upload.wikimedia.org/wikipedia/commons/thumb/c/c3/Flag_of_France.svg/22px-Flag_of_France.svg.png
Managua;Nicaragua;http://upload.wikimedia.org/wikipedia/commons/thumb/1/19/Flag_of_Nicaragua.svg/22px-Flag_of_Nicaragua.svg.png
Manama;Bahrain;http://upload.wikimedia.org/wikipedia/commons/thumb/2/2c/Flag_of_Bahrain.svg/22px-Flag_of_Bahrain.svg.png
Manila;Philippines;http://upload.wikimedia.org/wikipedia/commons/thumb/9/99/Flag_of_the_Philippines.svg/22px-Flag_of_the_Philippines.svg.png
Maputo;Mozambique;http://upload.wikimedia.org/wikipedia/commons/thumb/d/d0/Flag_of_Mozambique.svg/22px-Flag_of_Mozambique.svg.png
Marigot;Saint Martin;http://upload.wikimedia.org/wikipedia/commons/thumb/c/c3/Flag_of_France.svg/22px-Flag_of_France.svg.png
Maseru;Lesotho;http://upload.wikimedia.org/wikipedia/commons/thumb/4/4a/Flag_of_Lesotho.svg/22px-Flag_of_Lesotho.svg.png
Mata-Utu;Wallis and Futuna;http://upload.wikimedia.org/wikipedia/commons/thumb/c/c3/Flag_of_France.svg/22px-Flag_of_France.svg.png
Mbabane;Swaziland;http://upload.wikimedia.org/wikipedia/commons/thumb/1/1e/Flag_of_Swaziland.svg/22px-Flag_of_Swaziland.svg.png
Mexico City;Mexico;http://upload.wikimedia.org/wikipedia/commons/thumb/f/fc/Flag_of_Mexico.svg/22px-Flag_of_Mexico.svg.png
Minsk;Belarus;http://upload.wikimedia.org/wikipedia/commons/thumb/8/85/Flag_of_Belarus.svg/22px-Flag_of_Belarus.svg.png
Mogadishu;Somalia;http://upload.wikimedia.org/wikipedia/commons/thumb/a/a0/Flag_of_Somalia.svg/22px-Flag_of_Somalia.svg.png
Monaco;Monaco;http://upload.wikimedia.org/wikipedia/commons/thumb/e/ea/Flag_of_Monaco.svg/22px-Flag_of_Monaco.svg.png
Monrovia;Liberia;http://upload.wikimedia.org/wikipedia/commons/thumb/b/b8/Flag_of_Liberia.svg/22px-Flag_of_Liberia.svg.png
Montevideo;Uruguay;http://upload.wikimedia.org/wikipedia/commons/thumb/f/fe/Flag_of_Uruguay.svg/22px-Flag_of_Uruguay.svg.png
Moroni;Comoros;http://upload.wikimedia.org/wikipedia/commons/thumb/9/94/Flag_of_the_Comoros.svg/22px-Flag_of_the_Comoros.svg.png
Moscow;Russia;http://upload.wikimedia.org/wikipedia/commons/thumb/f/f3/Flag_of_Russia.svg/22px-Flag_of_Russia.svg.png
Muscat;Oman;http://upload.wikimedia.org/wikipedia/commons/thumb/d/dd/Flag_of_Oman.svg/22px-Flag_of_Oman.svg.png
Nairobi;Kenya;http://upload.wikimedia.org/wikipedia/commons/thumb/4/49/Flag_of_Kenya.svg/22px-Flag_of_Kenya.svg.png
Nassau;Bahamas;http://upload.wikimedia.org/wikipedia/commons/thumb/9/93/Flag_of_the_Bahamas.svg/22px-Flag_of_the_Bahamas.svg.png
Naypyidaw;Myanmar;http://upload.wikimedia.org/wikipedia/commons/thumb/8/8c/Flag_of_Myanmar.svg/22px-Flag_of_Myanmar.svg.png
N'Djamena;Chad;http://upload.wikimedia.org/wikipedia/commons/thumb/4/4b/Flag_of_Chad.svg/22px-Flag_of_Chad.svg.png
New Delhi;India;http://upload.wikimedia.org/wikipedia/commons/thumb/4/41/Flag_of_India.svg/22px-Flag_of_India.svg.png
Melekeok;Palau;http://upload.wikimedia.org/wikipedia/commons/thumb/4/48/Flag_of_Palau.svg/22px-Flag_of_Palau.svg.png
Niamey;Niger;http://upload.wikimedia.org/wikipedia/commons/thumb/f/f4/Flag_of_Niger.svg/22px-Flag_of_Niger.svg.png
Nicosia;Cyprus;http://upload.wikimedia.org/wikipedia/commons/thumb/d/d4/Flag_of_Cyprus.svg/22px-Flag_of_Cyprus.svg.png
Nicosia;Northern Cyprus;http://upload.wikimedia.org/wikipedia/commons/thumb/1/1e/Flag_of_the_Turkish_Republic_of_Northern_Cyprus.svg/22px-Flag_of_the_Turkish_Republic_of_Northern_Cyprus.svg.png
Nouakchott;Mauritania;http://upload.wikimedia.org/wikipedia/commons/thumb/4/43/Flag_of_Mauritania.svg/22px-Flag_of_Mauritania.svg.png
Nouméa;New Caledonia;http://upload.wikimedia.org/wikipedia/commons/thumb/2/23/Flag_of_New_Caledonia.svg/22px-Flag_of_New_Caledonia.svg.png
Nuku?alofa;Tonga;http://upload.wikimedia.org/wikipedia/commons/thumb/9/9a/Flag_of_Tonga.svg/22px-Flag_of_Tonga.svg.png
Nuuk;Greenland;http://upload.wikimedia.org/wikipedia/commons/thumb/0/09/Flag_of_Greenland.svg/22px-Flag_of_Greenland.svg.png
Oranjestad;Aruba;http://upload.wikimedia.org/wikipedia/commons/thumb/f/f6/Flag_of_Aruba.svg/22px-Flag_of_Aruba.svg.png
Oslo;Norway;http://upload.wikimedia.org/wikipedia/commons/thumb/d/d9/Flag_of_Norway.svg/22px-Flag_of_Norway.svg.png
Ottawa;Canada;http://upload.wikimedia.org/wikipedia/commons/thumb/c/cf/Flag_of_Canada.svg/22px-Flag_of_Canada.svg.png
Ouagadougou;Burkina Faso;http://upload.wikimedia.org/wikipedia/commons/thumb/3/31/Flag_of_Burkina_Faso.svg/22px-Flag_of_Burkina_Faso.svg.png
Pago Pago;American Samoa;http://upload.wikimedia.org/wikipedia/commons/thumb/8/87/Flag_of_American_Samoa.svg/22px-Flag_of_American_Samoa.svg.png
Palikir;Federated States of Micronesia;http://upload.wikimedia.org/wikipedia/commons/thumb/4/4c/Flag_of_Federated_States_of_Micronesia.svg/22px-Flag_of_Federated_States_of_Micronesia.svg.png
Panama City;Panama;http://upload.wikimedia.org/wikipedia/commons/thumb/a/ab/Flag_of_Panama.svg/22px-Flag_of_Panama.svg.png
Papeete;French Polynesia;http://upload.wikimedia.org/wikipedia/commons/thumb/d/db/Flag_of_French_Polynesia.svg/22px-Flag_of_French_Polynesia.svg.png
Paramaribo;Suriname;http://upload.wikimedia.org/wikipedia/commons/thumb/6/60/Flag_of_Suriname.svg/22px-Flag_of_Suriname.svg.png
Paris;France;http://upload.wikimedia.org/wikipedia/commons/thumb/c/c3/Flag_of_France.svg/22px-Flag_of_France.svg.png
Philipsburg;Sint Maarten;http://upload.wikimedia.org/wikipedia/commons/thumb/d/d3/Flag_of_Sint_Maarten.svg/22px-Flag_of_Sint_Maarten.svg.png
Phnom Penh;Cambodia;http://upload.wikimedia.org/wikipedia/commons/thumb/8/83/Flag_of_Cambodia.svg/22px-Flag_of_Cambodia.svg.png
Plymouth;Montserrat;http://upload.wikimedia.org/wikipedia/commons/thumb/d/d0/Flag_of_Montserrat.svg/22px-Flag_of_Montserrat.svg.png
Podgorica;Montenegro;http://upload.wikimedia.org/wikipedia/commons/thumb/6/64/Flag_of_Montenegro.svg/22px-Flag_of_Montenegro.svg.png
Port Louis;Mauritius;http://upload.wikimedia.org/wikipedia/commons/thumb/7/77/Flag_of_Mauritius.svg/22px-Flag_of_Mauritius.svg.png
Port Moresby;Papua New Guinea;http://upload.wikimedia.org/wikipedia/commons/thumb/e/e3/Flag_of_Papua_New_Guinea.svg/22px-Flag_of_Papua_New_Guinea.svg.png
Port Vila;Vanuatu;http://upload.wikimedia.org/wikipedia/commons/thumb/b/bc/Flag_of_Vanuatu.svg/22px-Flag_of_Vanuatu.svg.png
Port-au-Prince;Haiti;http://upload.wikimedia.org/wikipedia/commons/thumb/5/56/Flag_of_Haiti.svg/22px-Flag_of_Haiti.svg.png
Port of Spain;Trinidad and Tobago;http://upload.wikimedia.org/wikipedia/commons/thumb/6/64/Flag_of_Trinidad_and_Tobago.svg/22px-Flag_of_Trinidad_and_Tobago.svg.png
Porto-Novo;Benin;http://upload.wikimedia.org/wikipedia/commons/thumb/0/0a/Flag_of_Benin.svg/22px-Flag_of_Benin.svg.png
Prague;Czech Republic;http://upload.wikimedia.org/wikipedia/commons/thumb/c/cb/Flag_of_the_Czech_Republic.svg/22px-Flag_of_the_Czech_Republic.svg.png
Praia;Cape Verde;http://upload.wikimedia.org/wikipedia/commons/thumb/3/38/Flag_of_Cape_Verde.svg/22px-Flag_of_Cape_Verde.svg.png
Pretoria;South Africa;http://upload.wikimedia.org/wikipedia/commons/thumb/a/af/Flag_of_South_Africa.svg/22px-Flag_of_South_Africa.svg.png
Pristina;Kosovo;http://upload.wikimedia.org/wikipedia/commons/thumb/1/1f/Flag_of_Kosovo.svg/22px-Flag_of_Kosovo.svg.png
Kuala Lumpur;Malaysia;http://upload.wikimedia.org/wikipedia/commons/thumb/6/66/Flag_of_Malaysia.svg/22px-Flag_of_Malaysia.svg.png
Pyongyang;North Korea;http://upload.wikimedia.org/wikipedia/commons/thumb/5/51/Flag_of_North_Korea.svg/22px-Flag_of_North_Korea.svg.png
Quito;Ecuador;http://upload.wikimedia.org/wikipedia/commons/thumb/e/e8/Flag_of_Ecuador.svg/22px-Flag_of_Ecuador.svg.png
Rabat;Morocco;http://upload.wikimedia.org/wikipedia/commons/thumb/2/2c/Flag_of_Morocco.svg/22px-Flag_of_Morocco.svg.png
Reykjavík;Iceland;http://upload.wikimedia.org/wikipedia/commons/thumb/c/ce/Flag_of_Iceland.svg/22px-Flag_of_Iceland.svg.png
Riga;Latvia;http://upload.wikimedia.org/wikipedia/commons/thumb/8/84/Flag_of_Latvia.svg/22px-Flag_of_Latvia.svg.png
Riyadh;Saudi Arabia;http://upload.wikimedia.org/wikipedia/commons/thumb/0/0d/Flag_of_Saudi_Arabia.svg/22px-Flag_of_Saudi_Arabia.svg.png
Road Town;British Virgin Islands;http://upload.wikimedia.org/wikipedia/commons/thumb/4/42/Flag_of_the_British_Virgin_Islands.svg/22px-Flag_of_the_British_Virgin_Islands.svg.png
Rome;Italy;http://upload.wikimedia.org/wikipedia/commons/thumb/0/03/Flag_of_Italy.svg/22px-Flag_of_Italy.svg.png
Roseau;Dominica;http://upload.wikimedia.org/wikipedia/commons/thumb/c/c4/Flag_of_Dominica.svg/22px-Flag_of_Dominica.svg.png
Saipan;Northern Mariana Islands;http://upload.wikimedia.org/wikipedia/commons/thumb/e/e0/Flag_of_the_Northern_Mariana_Islands.svg/22px-Flag_of_the_Northern_Mariana_Islands.svg.png
San José;Costa Rica;http://upload.wikimedia.org/wikipedia/commons/thumb/f/f2/Flag_of_Costa_Rica.svg/22px-Flag_of_Costa_Rica.svg.png
San Juan;Puerto Rico;http://upload.wikimedia.org/wikipedia/commons/thumb/2/28/Flag_of_Puerto_Rico.svg/22px-Flag_of_Puerto_Rico.svg.png
San Marino;San Marino;http://upload.wikimedia.org/wikipedia/commons/thumb/b/b1/Flag_of_San_Marino.svg/22px-Flag_of_San_Marino.svg.png
San Salvador;El Salvador;http://upload.wikimedia.org/wikipedia/commons/thumb/3/34/Flag_of_El_Salvador.svg/22px-Flag_of_El_Salvador.svg.png
Sanaá;Yemen;http://upload.wikimedia.org/wikipedia/commons/thumb/8/89/Flag_of_Yemen.svg/22px-Flag_of_Yemen.svg.png
Santiago;Chile;http://upload.wikimedia.org/wikipedia/commons/thumb/7/78/Flag_of_Chile.svg/22px-Flag_of_Chile.svg.png
Santo Domingo;Dominican Republic;http://upload.wikimedia.org/wikipedia/commons/thumb/9/9f/Flag_of_the_Dominican_Republic.svg/22px-Flag_of_the_Dominican_Republic.svg.png
São Tomé;São Tomé and Príncipe;http://upload.wikimedia.org/wikipedia/commons/thumb/4/4f/Flag_of_Sao_Tome_and_Principe.svg/22px-Flag_of_Sao_Tome_and_Principe.svg.png
Sarajevo;Bosnia and Herzegovina;http://upload.wikimedia.org/wikipedia/commons/thumb/b/bf/Flag_of_Bosnia_and_Herzegovina.svg/22px-Flag_of_Bosnia_and_Herzegovina.svg.png
Seoul;South Korea;http://upload.wikimedia.org/wikipedia/commons/thumb/0/09/Flag_of_South_Korea.svg/22px-Flag_of_South_Korea.svg.png
Singapore;Singapore;http://upload.wikimedia.org/wikipedia/commons/thumb/4/48/Flag_of_Singapore.svg/22px-Flag_of_Singapore.svg.png
Skopje;Macedonia;http://upload.wikimedia.org/wikipedia/commons/thumb/f/f8/Flag_of_Macedonia.svg/22px-Flag_of_Macedonia.svg.png
Sofia;Bulgaria;http://upload.wikimedia.org/wikipedia/commons/thumb/9/9a/Flag_of_Bulgaria.svg/22px-Flag_of_Bulgaria.svg.png
South Tarawa;Kiribati;http://upload.wikimedia.org/wikipedia/commons/thumb/d/d3/Flag_of_Kiribati.svg/22px-Flag_of_Kiribati.svg.png
Sri Jayawardenepura;Sri Lanka;http://upload.wikimedia.org/wikipedia/commons/thumb/1/11/Flag_of_Sri_Lanka.svg/22px-Flag_of_Sri_Lanka.svg.png
St. George's;Grenada;http://upload.wikimedia.org/wikipedia/commons/thumb/b/bc/Flag_of_Grenada.svg/22px-Flag_of_Grenada.svg.png
St. Helier;Jersey;http://upload.wikimedia.org/wikipedia/commons/thumb/1/1c/Flag_of_Jersey.svg/22px-Flag_of_Jersey.svg.png
St. John's;Antigua and Barbuda;http://upload.wikimedia.org/wikipedia/commons/thumb/8/89/Flag_of_Antigua_and_Barbuda.svg/22px-Flag_of_Antigua_and_Barbuda.svg.png
St. Peter Port;Guernsey;http://upload.wikimedia.org/wikipedia/commons/thumb/f/fa/Flag_of_Guernsey.svg/22px-Flag_of_Guernsey.svg.png
St. Pierre;Saint Pierre and Miquelon;http://upload.wikimedia.org/wikipedia/commons/thumb/c/c3/Flag_of_France.svg/22px-Flag_of_France.svg.png
Stanley;Falkland Islands;http://upload.wikimedia.org/wikipedia/commons/thumb/8/83/Flag_of_the_Falkland_Islands.svg/22px-Flag_of_the_Falkland_Islands.svg.png
Stepanakert;Nagorno-Karabakh Republic;http://upload.wikimedia.org/wikipedia/commons/thumb/8/8d/Flag_of_Nagorno-Karabakh.svg/22px-Flag_of_Nagorno-Karabakh.svg.png
Stockholm;Sweden;http://upload.wikimedia.org/wikipedia/commons/thumb/4/4c/Flag_of_Sweden.svg/22px-Flag_of_Sweden.svg.png
Sucre;Bolivia;http://upload.wikimedia.org/wikipedia/commons/thumb/4/48/Flag_of_Bolivia.svg/22px-Flag_of_Bolivia.svg.png
Sukhumi;Abkhazia;http://upload.wikimedia.org/wikipedia/commons/thumb/2/27/Flag_of_Abkhazia.svg/22px-Flag_of_Abkhazia.svg.png
Suva;Fiji;http://upload.wikimedia.org/wikipedia/commons/thumb/b/ba/Flag_of_Fiji.svg/22px-Flag_of_Fiji.svg.png
Taipei;Republic of China (Taiwan);http://upload.wikimedia.org/wikipedia/commons/thumb/7/72/Flag_of_the_Republic_of_China.svg/22px-Flag_of_the_Republic_of_China.svg.png
Tallinn;Estonia;http://upload.wikimedia.org/wikipedia/commons/thumb/8/8f/Flag_of_Estonia.svg/22px-Flag_of_Estonia.svg.png
Tashkent;Uzbekistan;http://upload.wikimedia.org/wikipedia/commons/thumb/8/84/Flag_of_Uzbekistan.svg/22px-Flag_of_Uzbekistan.svg.png
Tbilisi;Georgia;http://upload.wikimedia.org/wikipedia/commons/thumb/0/0f/Flag_of_Georgia.svg/22px-Flag_of_Georgia.svg.png
Tegucigalpa;Honduras;http://upload.wikimedia.org/wikipedia/commons/thumb/8/82/Flag_of_Honduras.svg/22px-Flag_of_Honduras.svg.png
Tehran;Iran;http://upload.wikimedia.org/wikipedia/commons/thumb/c/ca/Flag_of_Iran.svg/22px-Flag_of_Iran.svg.png
Thimphu;Bhutan;http://upload.wikimedia.org/wikipedia/commons/thumb/9/91/Flag_of_Bhutan.svg/22px-Flag_of_Bhutan.svg.png
Tirana;Albania;http://upload.wikimedia.org/wikipedia/commons/thumb/3/36/Flag_of_Albania.svg/22px-Flag_of_Albania.svg.png
Tiraspol;Transnistria;http://upload.wikimedia.org/wikipedia/commons/thumb/5/58/Flag_of_Transnistria.svg/22px-Flag_of_Transnistria.svg.png
Tokyo;Japan;http://upload.wikimedia.org/wikipedia/commons/thumb/9/9e/Flag_of_Japan.svg/22px-Flag_of_Japan.svg.png
Tórshavn;Faroe Islands;http://upload.wikimedia.org/wikipedia/commons/thumb/3/3c/Flag_of_the_Faroe_Islands.svg/22px-Flag_of_the_Faroe_Islands.svg.png
Tripoli;Libya;http://upload.wikimedia.org/wikipedia/commons/thumb/0/05/Flag_of_Libya.svg/22px-Flag_of_Libya.svg.png
Tskhinvali;South Ossetia;http://upload.wikimedia.org/wikipedia/commons/thumb/1/12/Flag_of_South_Ossetia.svg/22px-Flag_of_South_Ossetia.svg.png
Tunis;Tunisia;http://upload.wikimedia.org/wikipedia/commons/thumb/c/ce/Flag_of_Tunisia.svg/22px-Flag_of_Tunisia.svg.png
Ulaanbaatar;Mongolia;http://upload.wikimedia.org/wikipedia/commons/thumb/4/4c/Flag_of_Mongolia.svg/22px-Flag_of_Mongolia.svg.png
Vaduz;Liechtenstein;http://upload.wikimedia.org/wikipedia/commons/thumb/4/47/Flag_of_Liechtenstein.svg/22px-Flag_of_Liechtenstein.svg.png
Valletta;Malta;http://upload.wikimedia.org/wikipedia/commons/thumb/7/73/Flag_of_Malta.svg/22px-Flag_of_Malta.svg.png
The Valley;Anguilla;http://upload.wikimedia.org/wikipedia/commons/thumb/b/b4/Flag_of_Anguilla.svg/22px-Flag_of_Anguilla.svg.png
Vatican City;Vatican City;http://upload.wikimedia.org/wikipedia/commons/thumb/0/00/Flag_of_the_Vatican_City.svg/20px-Flag_of_the_Vatican_City.svg.png
Victoria;Seychelles;http://upload.wikimedia.org/wikipedia/commons/thumb/9/92/Flag_of_the_Seychelles.svg/22px-Flag_of_the_Seychelles.svg.png
Vienna;Austria;http://upload.wikimedia.org/wikipedia/commons/thumb/4/41/Flag_of_Austria.svg/22px-Flag_of_Austria.svg.png
Vientiane;Laos;http://upload.wikimedia.org/wikipedia/commons/thumb/5/56/Flag_of_Laos.svg/22px-Flag_of_Laos.svg.png
Vilnius;Lithuania;http://upload.wikimedia.org/wikipedia/commons/thumb/1/11/Flag_of_Lithuania.svg/22px-Flag_of_Lithuania.svg.png
Warsaw;Poland;http://upload.wikimedia.org/wikipedia/commons/thumb/1/12/Flag_of_Poland.svg/22px-Flag_of_Poland.svg.png
Washington, D.C.;United States;http://upload.wikimedia.org/wikipedia/commons/thumb/a/a4/Flag_of_the_United_States.svg/22px-Flag_of_the_United_States.svg.png
Wellington;New Zealand;http://upload.wikimedia.org/wikipedia/commons/thumb/3/3e/Flag_of_New_Zealand.svg/22px-Flag_of_New_Zealand.svg.png
West Island;Cocos (Keeling) Islands;http://upload.wikimedia.org/wikipedia/commons/thumb/7/74/Flag_of_the_Cocos_%28Keeling%29_Islands.svg/22px-Flag_of_the_Cocos_%28Keeling%29_Islands.svg.png
Willemstad;Curaçao;http://upload.wikimedia.org/wikipedia/commons/thumb/b/b1/Flag_of_Cura%C3%A7ao.svg/22px-Flag_of_Cura%C3%A7ao.svg.png
Windhoek;Namibia;http://upload.wikimedia.org/wikipedia/commons/thumb/0/00/Flag_of_Namibia.svg/22px-Flag_of_Namibia.svg.png
Yamoussoukro;Côte d'Ivoire;http://upload.wikimedia.org/wikipedia/commons/thumb/8/86/Flag_of_Cote_d%27Ivoire.svg/22px-Flag_of_Cote_d%27Ivoire.svg.png
Yaoundé;Cameroon;http://upload.wikimedia.org/wikipedia/commons/thumb/4/4f/Flag_of_Cameroon.svg/22px-Flag_of_Cameroon.svg.png
Yaren;Nauru;http://upload.wikimedia.org/wikipedia/commons/thumb/3/30/Flag_of_Nauru.svg/22px-Flag_of_Nauru.svg.png
Yerevan;Armenia;http://upload.wikimedia.org/wikipedia/commons/thumb/2/2f/Flag_of_Armenia.svg/22px-Flag_of_Armenia.svg.png
Zagreb;Croatia;http://upload.wikimedia.org/wikipedia/commons/thumb/1/1b/Flag_of_Croatia.svg/22px-Flag_of_Croatia.svg.png
